rank,name,iteration 0,
0,round.0.load,262144,
0,round.0.load_balancing_time,1.61063802,
0,round.0.advection_time,16725.5078,
0,round.0.communication_time,15013.2588,
0,round.0.time,31740.3984,
0,round.1.load,11854,
0,round.1.load_balancing_time,2.17536211,
0,round.1.advection_time,407.871338,
0,round.1.communication_time,32351.6172,
0,round.1.time,32761.6855,
0,round.2.load,6210,
0,round.2.load_balancing_time,1.08572495,
0,round.2.advection_time,269.84433,
0,round.2.communication_time,10885.8799,
0,round.2.time,11156.8203,
0,round.3.load,2029,
0,round.3.load_balancing_time,0.463117987,
0,round.3.advection_time,68.8171387,
0,round.3.communication_time,283.015137,
0,round.3.time,352.303528,
0,round.4.load,234,
0,round.4.load_balancing_time,0.158175007,
0,round.4.advection_time,5.52815723,
0,round.4.communication_time,109.320786,
0,round.4.time,115.011047,
0,round.5.load,0,
0,round.5.load_balancing_time,0.0374480002,
0,round.5.advection_time,0.00234899996,
0,round.5.communication_time,0.122539997,
0,round.5.time,0.164239004,
0,total_time,76126.4219,
1,round.0.load,262144,
1,round.0.load_balancing_time,2.05366111,
1,round.0.advection_time,17749.8301,
1,round.0.communication_time,13988.4834,
1,round.0.time,31740.3926,
1,round.1.load,57034,
1,round.1.load_balancing_time,11.1303606,
1,round.1.advection_time,2249.12036,
1,round.1.communication_time,30501.4336,
1,round.1.time,32761.7246,
1,round.2.load,7129,
1,round.2.load_balancing_time,1.23958802,
1,round.2.advection_time,338.113251,
1,round.2.communication_time,10817.4141,
1,round.2.time,11156.7764,
1,round.3.load,482,
1,round.3.load_balancing_time,0.392089993,
1,round.3.advection_time,21.9649677,
1,round.3.communication_time,329.938782,
1,round.3.time,352.302948,
1,round.4.load,0,
1,round.4.load_balancing_time,0.0437659994,
1,round.4.advection_time,0.00396100013,
1,round.4.communication_time,114.962715,
1,round.4.time,115.012444,
1,round.5.load,0,
1,round.5.load_balancing_time,0.0422509983,
1,round.5.advection_time,0.00139600004,
1,round.5.communication_time,0.120771997,
1,round.5.time,0.165858999,
1,total_time,76126.4141,
2,round.0.load,258048,
2,round.0.load_balancing_time,2.22368407,
2,round.0.advection_time,17633.3613,
2,round.0.communication_time,14104.7891,
2,round.0.time,31740.4004,
2,round.1.load,38935,
2,round.1.load_balancing_time,9.77691555,
2,round.1.advection_time,1824.02539,
2,round.1.communication_time,30927.8477,
2,round.1.time,32761.6621,
2,round.2.load,7379,
2,round.2.load_balancing_time,2.31538391,
2,round.2.advection_time,214.458908,
2,round.2.communication_time,10940.1006,
2,round.2.time,11156.8896,
2,round.3.load,26,
2,round.3.load_balancing_time,0.125517994,
2,round.3.advection_time,0.395054996,
2,round.3.communication_time,351.732635,
2,round.3.time,352.259949,
2,round.4.load,0,
2,round.4.load_balancing_time,0.0421199985,
2,round.4.advection_time,0.00341599993,
2,round.4.communication_time,114.966446,
2,round.4.time,115.013939,
2,round.5.load,0,
2,round.5.load_balancing_time,0.0365479998,
2,round.5.advection_time,0.00156,
2,round.5.communication_time,0.125876993,
2,round.5.time,0.165652007,
2,total_time,76126.4219,
3,round.0.load,258048,
3,round.0.load_balancing_time,2.33696008,
3,round.0.advection_time,15733.1973,
3,round.0.communication_time,16004.8398,
3,round.0.time,31740.3984,
3,round.1.load,38933,
3,round.1.load_balancing_time,8.82091331,
3,round.1.advection_time,1442.98181,
3,round.1.communication_time,31309.8652,
3,round.1.time,32761.6758,
3,round.2.load,0,
3,round.2.load_balancing_time,0.111475997,
3,round.2.advection_time,0.0133079998,
3,round.2.communication_time,11156.7314,
3,round.2.time,11156.875,
3,round.3.load,0,
3,round.3.load_balancing_time,0.101934001,
3,round.3.advection_time,0.00499999989,
3,round.3.communication_time,352.138428,
3,round.3.time,352.251709,
3,round.4.load,0,
3,round.4.load_balancing_time,0.0300779995,
3,round.4.advection_time,0.00197999994,
3,round.4.communication_time,114.979904,
3,round.4.time,115.013641,
3,round.5.load,0,
3,round.5.load_balancing_time,0.0255789999,
3,round.5.advection_time,0.00103100005,
3,round.5.communication_time,0.137483999,
3,round.5.time,0.165635005,
3,total_time,76126.4141,
4,round.0.load,262144,
4,round.0.load_balancing_time,2.1465199,
4,round.0.advection_time,16918.1895,
4,round.0.communication_time,14820.043,
4,round.0.time,31740.3984,
4,round.1.load,100057,
4,round.1.load_balancing_time,14.4124136,
4,round.1.advection_time,6173.14697,
4,round.1.communication_time,26574.082,
4,round.1.time,32761.6641,
4,round.2.load,22302,
4,round.2.load_balancing_time,5.79669285,
4,round.2.advection_time,835.936401,
4,round.2.communication_time,10315.1025,
4,round.2.time,11156.8438,
4,round.3.load,3767,
4,round.3.load_balancing_time,0.948693991,
4,round.3.advection_time,128.620972,
4,round.3.communication_time,222.724548,
4,round.3.time,352.305084,
4,round.4.load,146,
4,round.4.load_balancing_time,0.117689997,
4,round.4.advection_time,1.36442006,
4,round.4.communication_time,113.526131,
4,round.4.time,115.011864,
4,round.5.load,1,
4,round.5.load_balancing_time,0.042493999,
4,round.5.advection_time,0.0240100008,
4,round.5.communication_time,0.0951969996,
4,round.5.time,0.163622007,
4,total_time,76126.4219,
5,round.0.load,262144,
5,round.0.load_balancing_time,2.4867661,
5,round.0.advection_time,22718.5,
5,round.0.communication_time,9019.375,
5,round.0.time,31740.3848,
5,round.1.load,168184,
5,round.1.load_balancing_time,23.7439384,
5,round.1.advection_time,10678.4971,
5,round.1.communication_time,22059.4297,
5,round.1.time,32761.6836,
5,round.2.load,20877,
5,round.2.load_balancing_time,3.817276,
5,round.2.advection_time,1610.62122,
5,round.2.communication_time,9542.37402,
5,round.2.time,11156.8223,
5,round.3.load,1933,
5,round.3.load_balancing_time,0.520018995,
5,round.3.advection_time,42.5570908,
5,round.3.communication_time,309.219269,
5,round.3.time,352.303192,
5,round.4.load,3369,
5,round.4.load_balancing_time,1.95773804,
5,round.4.advection_time,101.758133,
5,round.4.communication_time,11.2916641,
5,round.4.time,115.013832,
5,round.5.load,0,
5,round.5.load_balancing_time,0.0416640006,
5,round.5.advection_time,0.00535700005,
5,round.5.communication_time,0.112425998,
5,round.5.time,0.161883995,
5,total_time,76126.4062,
6,round.0.load,258048,
6,round.0.load_balancing_time,2.19850612,
6,round.0.advection_time,20807.3613,
6,round.0.communication_time,10930.8164,
6,round.0.time,31740.4043,
6,round.1.load,76954,
6,round.1.load_balancing_time,20.3254108,
6,round.1.advection_time,7202.25146,
6,round.1.communication_time,25539.0645,
6,round.1.time,32761.6504,
6,round.2.load,55917,
6,round.2.load_balancing_time,15.5576668,
6,round.2.advection_time,2827.52856,
6,round.2.communication_time,8313.76953,
6,round.2.time,11156.8662,
6,round.3.load,1192,
6,round.3.load_balancing_time,0.70677501,
6,round.3.advection_time,43.8793411,
6,round.3.communication_time,307.690948,
6,round.3.time,352.28418,
6,round.4.load,0,
6,round.4.load_balancing_time,0.0398910008,
6,round.4.advection_time,0.00482300017,
6,round.4.communication_time,114.965309,
6,round.4.time,115.0121,
6,round.5.load,0,
6,round.5.load_balancing_time,0.040546,
6,round.5.advection_time,0.00178399996,
6,round.5.communication_time,0.121247001,
6,round.5.time,0.165215999,
6,total_time,76126.4141,
7,round.0.load,258048,
7,round.0.load_balancing_time,2.50643897,
7,round.0.advection_time,15897.6367,
7,round.0.communication_time,15840.2344,
7,round.0.time,31740.3984,
7,round.1.load,113344,
7,round.1.load_balancing_time,16.554285,
7,round.1.advection_time,6127.68701,
7,round.1.communication_time,26617.4297,
7,round.1.time,32761.6816,
7,round.2.load,615,
7,round.2.load_balancing_time,0.263738006,
7,round.2.advection_time,23.8043365,
7,round.2.communication_time,11132.7734,
7,round.2.time,11156.8467,
7,round.3.load,0,
7,round.3.load_balancing_time,0.105407998,
7,round.3.advection_time,0.00400400022,
7,round.3.communication_time,352.173676,
7,round.3.time,352.286377,
7,round.4.load,0,
7,round.4.load_balancing_time,0.038970001,
7,round.4.advection_time,0.00209599989,
7,round.4.communication_time,114.971413,
7,round.4.time,115.014122,
7,round.5.load,0,
7,round.5.load_balancing_time,0.0333679989,
7,round.5.advection_time,0.00117599999,
7,round.5.communication_time,0.129731998,
7,round.5.time,0.165796995,
7,total_time,76126.4219,
8,round.0.load,258048,
8,round.0.load_balancing_time,2.91144705,
8,round.0.advection_time,17066.1895,
8,round.0.communication_time,14671.2715,
8,round.0.time,31740.4004,
8,round.1.load,39095,
8,round.1.load_balancing_time,13.2546711,
8,round.1.advection_time,1818.20605,
8,round.1.communication_time,30930.1836,
8,round.1.time,32761.6562,
8,round.2.load,4664,
8,round.2.load_balancing_time,1.10671306,
8,round.2.advection_time,305.323517,
8,round.2.communication_time,10850.415,
8,round.2.time,11156.8545,
8,round.3.load,11,
8,round.3.load_balancing_time,0.0895259976,
8,round.3.advection_time,1.36021101,
8,round.3.communication_time,350.839325,
8,round.3.time,352.293304,
8,round.4.load,0,
8,round.4.load_balancing_time,0.0458070002,
8,round.4.advection_time,0.00304699992,
8,round.4.communication_time,114.963074,
8,round.4.time,115.013947,
8,round.5.load,0,
8,round.5.load_balancing_time,0.0359969996,
8,round.5.advection_time,0.001376,
8,round.5.communication_time,0.126577005,
8,round.5.time,0.165546,
8,total_time,76126.4141,
9,round.0.load,258048,
9,round.0.load_balancing_time,2.92680192,
9,round.0.advection_time,23177.5723,
9,round.0.communication_time,8559.87109,
9,round.0.time,31740.4004,
9,round.1.load,76880,
9,round.1.load_balancing_time,19.2505493,
9,round.1.advection_time,7806.95947,
9,round.1.communication_time,24935.4531,
9,round.1.time,32761.6758,
9,round.2.load,48087,
9,round.2.load_balancing_time,14.7306156,
9,round.2.advection_time,3182.42944,
9,round.2.communication_time,7959.63525,
9,round.2.time,11156.8223,
9,round.3.load,5790,
9,round.3.load_balancing_time,3.23767591,
9,round.3.advection_time,135.115509,
9,round.3.communication_time,213.93576,
9,round.3.time,352.302826,
9,round.4.load,0,
9,round.4.load_balancing_time,0.0485460013,
9,round.4.advection_time,0.0105050001,
9,round.4.communication_time,114.948784,
9,round.4.time,115.010071,
9,round.5.load,0,
9,round.5.load_balancing_time,0.0387669988,
9,round.5.advection_time,0.00163499999,
9,round.5.communication_time,0.123805001,
9,round.5.time,0.165721998,
9,total_time,76126.4141,
10,round.0.load,256684,
10,round.0.load_balancing_time,2.63793993,
10,round.0.advection_time,21129.0098,
10,round.0.communication_time,10608.7305,
10,round.0.time,31740.4004,
10,round.1.load,206133,
10,round.1.load_balancing_time,33.127655,
10,round.1.advection_time,14059.125,
10,round.1.communication_time,18669.4062,
10,round.1.time,32761.6699,
10,round.2.load,37058,
10,round.2.load_balancing_time,16.5659046,
10,round.2.advection_time,3387.89819,
10,round.2.communication_time,7752.40039,
10,round.2.time,11156.874,
10,round.3.load,0,
10,round.3.load_balancing_time,0.0688759983,
10,round.3.advection_time,0.00344399991,
10,round.3.communication_time,352.204041,
10,round.3.time,352.280334,
10,round.4.load,0,
10,round.4.load_balancing_time,0.0430100001,
10,round.4.advection_time,0.00305099995,
10,round.4.communication_time,114.965935,
10,round.4.time,115.013954,
10,round.5.load,0,
10,round.5.load_balancing_time,0.0402729996,
10,round.5.advection_time,0.00173000002,
10,round.5.communication_time,0.121647,
10,round.5.time,0.165321007,
10,total_time,76126.4375,
11,round.0.load,252714,
11,round.0.load_balancing_time,2.75453091,
11,round.0.advection_time,15628.7158,
11,round.0.communication_time,16108.9033,
11,round.0.time,31740.3984,
11,round.1.load,134090,
11,round.1.load_balancing_time,22.9672527,
11,round.1.advection_time,10292.043,
11,round.1.communication_time,22446.6562,
11,round.1.time,32761.6758,
11,round.2.load,37055,
11,round.2.load_balancing_time,14.7709312,
11,round.2.advection_time,1860.63782,
11,round.2.communication_time,9281.43359,
11,round.2.time,11156.8516,
11,round.3.load,0,
11,round.3.load_balancing_time,0.0880429968,
11,round.3.advection_time,0.00729899993,
11,round.3.communication_time,352.177643,
11,round.3.time,352.279907,
11,round.4.load,0,
11,round.4.load_balancing_time,0.0357000008,
11,round.4.advection_time,0.00229600002,
11,round.4.communication_time,114.974266,
11,round.4.time,115.013977,
11,round.5.load,0,
11,round.5.load_balancing_time,0.0346749984,
11,round.5.advection_time,0.00125800003,
11,round.5.communication_time,0.129279003,
11,round.5.time,0.166714996,
11,total_time,76126.4141,
12,round.0.load,258048,
12,round.0.load_balancing_time,3.07887697,
12,round.0.advection_time,15964.3721,
12,round.0.communication_time,15772.9189,
12,round.0.time,31740.3965,
12,round.1.load,40582,
12,round.1.load_balancing_time,8.8894434,
12,round.1.advection_time,1787.11987,
12,round.1.communication_time,30965.6367,
12,round.1.time,32761.6582,
12,round.2.load,73,
12,round.2.load_balancing_time,0.110122003,
12,round.2.advection_time,1.07222402,
12,round.2.communication_time,11155.6689,
12,round.2.time,11156.8682,
12,round.3.load,0,
12,round.3.load_balancing_time,0.0786240026,
12,round.3.advection_time,0.0140899997,
12,round.3.communication_time,352.169464,
12,round.3.time,352.273895,
12,round.4.load,0,
12,round.4.load_balancing_time,0.0308689997,
12,round.4.advection_time,0.00180900004,
12,round.4.communication_time,114.979118,
12,round.4.time,115.013565,
12,round.5.load,0,
12,round.5.load_balancing_time,0.0255820006,
12,round.5.advection_time,0.001238,
12,round.5.communication_time,0.136294007,
12,round.5.time,0.164744005,
12,total_time,76126.4141,
13,round.0.load,258048,
13,round.0.load_balancing_time,2.78087592,
13,round.0.advection_time,16113.5508,
13,round.0.communication_time,15624.0557,
13,round.0.time,31740.4062,
13,round.1.load,112470,
13,round.1.load_balancing_time,17.0947304,
13,round.1.advection_time,4355.09814,
13,round.1.communication_time,28389.4824,
13,round.1.time,32761.6855,
13,round.2.load,623,
13,round.2.load_balancing_time,0.156053007,
13,round.2.advection_time,8.38410568,
13,round.2.communication_time,11148.2812,
13,round.2.time,11156.8262,
13,round.3.load,0,
13,round.3.load_balancing_time,0.0918330029,
13,round.3.advection_time,0.00400599977,
13,round.3.communication_time,352.204193,
13,round.3.time,352.30368,
13,round.4.load,0,
13,round.4.load_balancing_time,0.0456230007,
13,round.4.advection_time,0.00213899999,
13,round.4.communication_time,114.965103,
13,round.4.time,115.014603,
13,round.5.load,0,
13,round.5.load_balancing_time,0.0353609994,
13,round.5.advection_time,0.00127600005,
13,round.5.communication_time,0.126553997,
13,round.5.time,0.164767995,
13,total_time,76126.4297,
14,round.0.load,252714,
14,round.0.load_balancing_time,2.68172002,
14,round.0.advection_time,16174.1934,
14,round.0.communication_time,15563.5059,
14,round.0.time,31740.4043,
14,round.1.load,136200,
14,round.1.load_balancing_time,23.210474,
14,round.1.advection_time,5909.37549,
14,round.1.communication_time,26829.0605,
14,round.1.time,32761.6602,
14,round.2.load,37055,
14,round.2.load_balancing_time,14.6810036,
14,round.2.advection_time,2146.89478,
14,round.2.communication_time,8995.2793,
14,round.2.time,11156.8633,
14,round.3.load,0,
14,round.3.load_balancing_time,0.0626330003,
14,round.3.advection_time,0.008072,
14,round.3.communication_time,352.205597,
14,round.3.time,352.284363,
14,round.4.load,0,
14,round.4.load_balancing_time,0.0364670008,
14,round.4.advection_time,0.00232600002,
14,round.4.communication_time,114.973137,
14,round.4.time,115.013687,
14,round.5.load,0,
14,round.5.load_balancing_time,0.0332029983,
14,round.5.advection_time,0.00144300004,
14,round.5.communication_time,0.128966004,
14,round.5.time,0.165213004,
14,total_time,76126.4219,
15,round.0.load,253952,
15,round.0.load_balancing_time,2.79770398,
15,round.0.advection_time,14759.8018,
15,round.0.communication_time,16977.7695,
15,round.0.time,31740.4004,
15,round.1.load,70985,
15,round.1.load_balancing_time,8.82386398,
15,round.1.advection_time,2813.79712,
15,round.1.communication_time,29939.0508,
15,round.1.time,32761.6797,
15,round.2.load,0,
15,round.2.load_balancing_time,0.0608780012,
15,round.2.advection_time,0.0152749997,
15,round.2.communication_time,11156.7686,
15,round.2.time,11156.8477,
15,round.3.load,0,
15,round.3.load_balancing_time,0.0480839983,
15,round.3.advection_time,0.00149599998,
15,round.3.communication_time,352.233398,
15,round.3.time,352.286041,
15,round.4.load,0,
15,round.4.load_balancing_time,0.0246489998,
15,round.4.advection_time,0.00449400023,
15,round.4.communication_time,114.983246,
15,round.4.time,115.014023,
15,round.5.load,0,
15,round.5.load_balancing_time,0.0243820008,
15,round.5.advection_time,0.001085,
15,round.5.communication_time,0.138567001,
15,round.5.time,0.165524006,
15,total_time,76126.4219,
16,round.0.load,262144,
16,round.0.load_balancing_time,1.69169998,
16,round.0.advection_time,16592.291,
16,round.0.communication_time,15146.3887,
16,round.0.time,31740.4004,
16,round.1.load,65080,
16,round.1.load_balancing_time,9.29349327,
16,round.1.advection_time,3447.72607,
16,round.1.communication_time,29304.6309,
16,round.1.time,32761.6602,
16,round.2.load,15777,
16,round.2.load_balancing_time,5.00398397,
16,round.2.advection_time,451.657501,
16,round.2.communication_time,10700.1797,
16,round.2.time,11156.8496,
16,round.3.load,2029,
16,round.3.load_balancing_time,0.724471986,
16,round.3.advection_time,42.0285301,
16,round.3.communication_time,309.541016,
16,round.3.time,352.301239,
16,round.4.load,235,
16,round.4.load_balancing_time,0.162196994,
16,round.4.advection_time,5.02732611,
16,round.4.communication_time,109.818649,
16,round.4.time,115.011787,
16,round.5.load,1,
16,round.5.load_balancing_time,0.0430149995,
16,round.5.advection_time,0.0230219997,
16,round.5.communication_time,0.0959729999,
16,round.5.time,0.163911998,
16,total_time,76126.4219,
17,round.0.load,262144,
17,round.0.load_balancing_time,2.83712912,
17,round.0.advection_time,20499.6289,
17,round.0.communication_time,11237.8955,
17,round.0.time,31740.3867,
17,round.1.load,105066,
17,round.1.load_balancing_time,15.8755922,
17,round.1.advection_time,6895.68018,
17,round.1.communication_time,25850.1211,
17,round.1.time,32761.6855,
17,round.2.load,12830,
17,round.2.load_balancing_time,3.38473201,
17,round.2.advection_time,566.896423,
17,round.2.communication_time,10586.5586,
17,round.2.time,11156.8564,
17,round.3.load,797,
17,round.3.load_balancing_time,0.433232993,
17,round.3.advection_time,29.4266243,
17,round.3.communication_time,322.394836,
17,round.3.time,352.263123,
17,round.4.load,3603,
17,round.4.load_balancing_time,2.11203408,
17,round.4.advection_time,85.5895157,
17,round.4.communication_time,27.3044968,
17,round.4.time,115.012772,
17,round.5.load,0,
17,round.5.load_balancing_time,0.0458940007,
17,round.5.advection_time,0.00628300011,
17,round.5.communication_time,0.107380003,
17,round.5.time,0.161782995,
17,total_time,76126.4062,
18,round.0.load,258048,
18,round.0.load_balancing_time,2.52452493,
18,round.0.advection_time,16982.3984,
18,round.0.communication_time,14755.4531,
18,round.0.time,31740.4004,
18,round.1.load,57275,
18,round.1.load_balancing_time,18.4191399,
18,round.1.advection_time,2020.05969,
18,round.1.communication_time,30723.1719,
18,round.1.time,32761.6602,
18,round.2.load,6765,
18,round.2.load_balancing_time,6.18000317,
18,round.2.advection_time,126.242348,
18,round.2.communication_time,11024.4463,
18,round.2.time,11156.8828,
18,round.3.load,1490,
18,round.3.load_balancing_time,0.795890987,
18,round.3.advection_time,49.2059822,
18,round.3.communication_time,302.258667,
18,round.3.time,352.268951,
18,round.4.load,0,
18,round.4.load_balancing_time,0.0462410003,
18,round.4.advection_time,0.00883300044,
18,round.4.communication_time,114.953003,
18,round.4.time,115.010277,
18,round.5.load,0,
18,round.5.load_balancing_time,0.0465090014,
18,round.5.advection_time,0.001727,
18,round.5.communication_time,0.115819998,
18,round.5.time,0.165683001,
18,total_time,76126.4219,
19,round.0.load,258048,
19,round.0.load_balancing_time,2.38245106,
19,round.0.advection_time,15474.2002,
19,round.0.communication_time,16263.793,
19,round.0.time,31740.4004,
19,round.1.load,79820,
19,round.1.load_balancing_time,11.7392788,
19,round.1.advection_time,3427.59814,
19,round.1.communication_time,29322.3281,
19,round.1.time,32761.6758,
19,round.2.load,6764,
19,round.2.load_balancing_time,2.15860701,
19,round.2.advection_time,115.174446,
19,round.2.communication_time,11039.5127,
19,round.2.time,11156.8535,
19,round.3.load,26,
19,round.3.load_balancing_time,0.140362993,
19,round.3.advection_time,0.624132991,
19,round.3.communication_time,351.507629,
19,round.3.time,352.276245,
19,round.4.load,0,
19,round.4.load_balancing_time,0.0368189998,
19,round.4.advection_time,0.0028260001,
19,round.4.communication_time,114.971542,
19,round.4.time,115.012978,
19,round.5.load,0,
19,round.5.load_balancing_time,0.0318370014,
19,round.5.advection_time,0.00140299997,
19,round.5.communication_time,0.130563006,
19,round.5.time,0.165344,
19,total_time,76126.4141,
20,round.0.load,262144,
20,round.0.load_balancing_time,2.65472794,
20,round.0.advection_time,19468.7676,
20,round.0.communication_time,12268.9492,
20,round.0.time,31740.3965,
20,round.1.load,53963,
20,round.1.load_balancing_time,10.2720098,
20,round.1.advection_time,2998.35327,
20,round.1.communication_time,29753.0195,
20,round.1.time,32761.6602,
20,round.2.load,22275,
20,round.2.load_balancing_time,4.8592248,
20,round.2.advection_time,1784.16052,
20,round.2.communication_time,9367.80664,
20,round.2.time,11156.8369,
20,round.3.load,3769,
20,round.3.load_balancing_time,0.871870995,
20,round.3.advection_time,171.477539,
20,round.3.communication_time,179.945511,
20,round.3.time,352.303986,
20,round.4.load,3035,
20,round.4.load_balancing_time,1.96223104,
20,round.4.advection_time,80.821106,
20,round.4.communication_time,32.2219658,
20,round.4.time,115.011711,
20,round.5.load,2,
20,round.5.load_balancing_time,0.0440419987,
20,round.5.advection_time,0.0744910017,
20,round.5.communication_time,0.0416099988,
20,round.5.time,0.162350997,
20,total_time,76126.4141,
21,round.0.load,262144,
21,round.0.load_balancing_time,2.981282,
21,round.0.advection_time,22378.832,
21,round.0.communication_time,9358.56836,
21,round.0.time,31740.3984,
21,round.1.load,78252,
21,round.1.load_balancing_time,18.422184,
21,round.1.advection_time,11142.5518,
21,round.1.communication_time,21600.7051,
21,round.1.time,32761.6875,
21,round.2.load,19925,
21,round.2.load_balancing_time,6.22115707,
21,round.2.advection_time,1954.6748,
21,round.2.communication_time,9195.91895,
21,round.2.time,11156.8242,
21,round.3.load,2291,
21,round.3.load_balancing_time,2.96424794,
21,round.3.advection_time,81.4338303,
21,round.3.communication_time,267.898071,
21,round.3.time,352.303925,
21,round.4.load,3369,
21,round.4.load_balancing_time,1.97934699,
21,round.4.advection_time,74.4810562,
21,round.4.communication_time,38.5442543,
21,round.4.time,115.011101,
21,round.5.load,1,
21,round.5.load_balancing_time,0.0485870019,
21,round.5.advection_time,0.0348990001,
21,round.5.communication_time,0.0745889992,
21,round.5.time,0.160382003,
21,total_time,76126.4219,
22,round.0.load,258048,
22,round.0.load_balancing_time,2.64846492,
22,round.0.advection_time,31371.6699,
22,round.0.communication_time,366.059265,
22,round.0.time,31740.4043,
22,round.1.load,110644,
22,round.1.load_balancing_time,33.1212883,
22,round.1.advection_time,8748.38379,
22,round.1.communication_time,23980.1406,
22,round.1.time,32761.6582,
22,round.2.load,22959,
22,round.2.load_balancing_time,16.3877392,
22,round.2.advection_time,1289.63452,
22,round.2.communication_time,9850.82422,
22,round.2.time,11156.8545,
22,round.3.load,1194,
22,round.3.load_balancing_time,0.754354,
22,round.3.advection_time,36.3479462,
22,round.3.communication_time,315.173248,
22,round.3.time,352.28476,
22,round.4.load,3369,
22,round.4.load_balancing_time,2.07474899,
22,round.4.advection_time,84.5709457,
22,round.4.communication_time,28.3602753,
22,round.4.time,115.011986,
22,round.5.load,0,
22,round.5.load_balancing_time,0.046604,
22,round.5.advection_time,0.00658900011,
22,round.5.communication_time,0.106565997,
22,round.5.time,0.162156999,
22,total_time,76126.4141,
23,round.0.load,258048,
23,round.0.load_balancing_time,2.79969192,
23,round.0.advection_time,16871.959,
23,round.0.communication_time,14865.6172,
23,round.0.time,31740.4023,
23,round.1.load,137820,
23,round.1.load_balancing_time,22.3509312,
23,round.1.advection_time,17305.2402,
23,round.1.communication_time,15434.0664,
23,round.1.time,32761.6758,
23,round.2.load,22959,
23,round.2.load_balancing_time,7.10117102,
23,round.2.advection_time,549.694946,
23,round.2.communication_time,10600.041,
23,round.2.time,11156.8477,
23,round.3.load,1192,
23,round.3.load_balancing_time,0.701089025,
23,round.3.advection_time,37.2239113,
23,round.3.communication_time,314.348267,
23,round.3.time,352.284424,
23,round.4.load,0,
23,round.4.load_balancing_time,0.0419999994,
23,round.4.advection_time,0.00553099997,
23,round.4.communication_time,114.961464,
23,round.4.time,115.010971,
23,round.5.load,0,
23,round.5.load_balancing_time,0.0413039997,
23,round.5.advection_time,0.00170300005,
23,round.5.communication_time,0.120715,
23,round.5.time,0.165371001,
23,total_time,76126.4141,
24,round.0.load,258048,
24,round.0.load_balancing_time,2.93963408,
24,round.0.advection_time,18515.043,
24,round.0.communication_time,13222.3994,
24,round.0.time,31740.4004,
24,round.1.load,66147,
24,round.1.load_balancing_time,15.6684933,
24,round.1.advection_time,3743.23047,
24,round.1.communication_time,29002.7363,
24,round.1.time,32761.6523,
24,round.2.load,17669,
24,round.2.load_balancing_time,5.15982294,
24,round.2.advection_time,603.949097,
24,round.2.communication_time,10547.7305,
24,round.2.time,11156.8477,
24,round.3.load,9502,
24,round.3.load_balancing_time,3.2248981,
24,round.3.advection_time,344.396881,
24,round.3.communication_time,4.67248011,
24,round.3.time,352.303802,
24,round.4.load,146,
24,round.4.load_balancing_time,0.113574997,
24,round.4.advection_time,1.02600002,
24,round.4.communication_time,113.868561,
24,round.4.time,115.011543,
24,round.5.load,1,
24,round.5.load_balancing_time,0.0493239984,
24,round.5.advection_time,0.0221929997,
24,round.5.communication_time,0.0908280015,
24,round.5.time,0.164244995,
24,total_time,76126.4141,
25,round.0.load,258048,
25,round.0.load_balancing_time,3.06760097,
25,round.0.advection_time,22019.2109,
25,round.0.communication_time,9718.0957,
25,round.0.time,31740.3984,
25,round.1.load,116490,
25,round.1.load_balancing_time,33.1297569,
25,round.1.advection_time,14665.334,
25,round.1.communication_time,18063.2129,
25,round.1.time,32761.6855,
25,round.2.load,15135,
25,round.2.load_balancing_time,16.3635979,
25,round.2.advection_time,506.012634,
25,round.2.communication_time,10634.4141,
25,round.2.time,11156.8203,
25,round.3.load,5795,
25,round.3.load_balancing_time,3.08185101,
25,round.3.advection_time,114.753036,
25,round.3.communication_time,234.453812,
25,round.3.time,352.302155,
25,round.4.load,3369,
25,round.4.load_balancing_time,1.96852505,
25,round.4.advection_time,89.5705414,
25,round.4.communication_time,23.4619484,
25,round.4.time,115.008522,
25,round.5.load,0,
25,round.5.load_balancing_time,0.0500890017,
25,round.5.advection_time,0.00701900013,
25,round.5.communication_time,0.102918997,
25,round.5.time,0.162663996,
25,total_time,76126.4141,
26,round.0.load,256684,
26,round.0.load_balancing_time,2.92677903,
26,round.0.advection_time,27713.2539,
26,round.0.communication_time,4024.18286,
26,round.0.time,31740.3926,
26,round.1.load,185199,
26,round.1.load_balancing_time,34.2535248,
26,round.1.advection_time,32686.123,
26,round.1.communication_time,41.258709,
26,round.1.time,32761.6445,
26,round.2.load,60657,
26,round.2.load_balancing_time,17.0679989,
26,round.2.advection_time,11122.7715,
26,round.2.communication_time,17.0160198,
26,round.2.time,11156.8662,
26,round.3.load,6982,
26,round.3.load_balancing_time,3.28134608,
26,round.3.advection_time,226.60408,
26,round.3.communication_time,122.386108,
26,round.3.time,352.281433,
26,round.4.load,0,
26,round.4.load_balancing_time,0.053704001,
26,round.4.advection_time,0.0106459996,
26,round.4.communication_time,114.943748,
26,round.4.time,115.010735,
26,round.5.load,0,
26,round.5.load_balancing_time,0.0502500013,
26,round.5.advection_time,0.00251900009,
26,round.5.communication_time,0.110257998,
26,round.5.time,0.164748996,
26,total_time,76126.3984,
27,round.0.load,252714,
27,round.0.load_balancing_time,2.64211702,
27,round.0.advection_time,14979.3262,
27,round.0.communication_time,16758.4062,
27,round.0.time,31740.3984,
27,round.1.load,92806,
27,round.1.load_balancing_time,36.1822014,
27,round.1.advection_time,6716.47314,
27,round.1.communication_time,26008.998,
27,round.1.time,32761.6719,
27,round.2.load,60654,
27,round.2.load_balancing_time,18.8405647,
27,round.2.advection_time,10841.207,
27,round.2.communication_time,296.790955,
27,round.2.time,11156.8477,
27,round.3.load,0,
27,round.3.load_balancing_time,0.0490269996,
27,round.3.advection_time,0.0077399998,
27,round.3.communication_time,352.217163,
27,round.3.time,352.280518,
27,round.4.load,0,
27,round.4.load_balancing_time,0.0467859991,
27,round.4.advection_time,0.00265899999,
27,round.4.communication_time,114.962601,
27,round.4.time,115.01387,
27,round.5.load,0,
27,round.5.load_balancing_time,0.0371190012,
27,round.5.advection_time,0.001483,
27,round.5.communication_time,0.126169994,
27,round.5.time,0.166455001,
27,total_time,76126.4141,
28,round.0.load,258048,
28,round.0.load_balancing_time,2.93787694,
28,round.0.advection_time,16059.4258,
28,round.0.communication_time,15678.0166,
28,round.0.time,31740.4023,
28,round.1.load,90480,
28,round.1.load_balancing_time,10.4389315,
28,round.1.advection_time,6657.12988,
28,round.1.communication_time,26094.0801,
28,round.1.time,32761.6582,
28,round.2.load,3871,
28,round.2.load_balancing_time,0.940823972,
28,round.2.advection_time,142.041748,
28,round.2.communication_time,11013.8594,
28,round.2.time,11156.8506,
28,round.3.load,11,
28,round.3.load_balancing_time,0.111479998,
28,round.3.advection_time,0.475293994,
28,round.3.communication_time,351.708405,
28,round.3.time,352.299164,
28,round.4.load,0,
28,round.4.load_balancing_time,0.041894,
28,round.4.advection_time,0.00282200007,
28,round.4.communication_time,114.967186,
28,round.4.time,115.013634,
28,round.5.load,0,
28,round.5.load_balancing_time,0.0339910015,
28,round.5.advection_time,0.00142999995,
28,round.5.communication_time,0.128296003,
28,round.5.time,0.165178001,
28,total_time,76126.4141,
29,round.0.load,258048,
29,round.0.load_balancing_time,3.21106505,
29,round.0.advection_time,17649.7246,
29,round.0.communication_time,14087.4365,
29,round.0.time,31740.3965,
29,round.1.load,143911,
29,round.1.load_balancing_time,20.527092,
29,round.1.advection_time,7825.21777,
29,round.1.communication_time,24915.918,
29,round.1.time,32761.6816,
29,round.2.load,15147,
29,round.2.load_balancing_time,5.12202787,
29,round.2.advection_time,605.308838,
29,round.2.communication_time,10546.3838,
29,round.2.time,11156.8252,
29,round.3.load,5790,
29,round.3.load_balancing_time,3.23308992,
29,round.3.advection_time,198.727142,
29,round.3.communication_time,150.331818,
29,round.3.time,352.302338,
29,round.4.load,0,
29,round.4.load_balancing_time,0.0456710011,
29,round.4.advection_time,0.00781599991,
29,round.4.communication_time,114.953629,
29,round.4.time,115.009613,
29,round.5.load,0,
29,round.5.load_balancing_time,0.0428280011,
29,round.5.advection_time,0.00193499995,
29,round.5.communication_time,0.118106,
29,round.5.time,0.164539993,
29,total_time,76126.4141,
30,round.0.load,252714,
30,round.0.load_balancing_time,2.57469511,
30,round.0.advection_time,15197.9131,
30,round.0.communication_time,16539.8945,
30,round.0.time,31740.4102,
30,round.1.load,95584,
30,round.1.load_balancing_time,36.1602554,
30,round.1.advection_time,10043.6943,
30,round.1.communication_time,22681.7891,
30,round.1.time,32761.6562,
30,round.2.load,60662,
30,round.2.load_balancing_time,18.7962093,
30,round.2.advection_time,9029.14941,
30,round.2.communication_time,2108.90381,
30,round.2.time,11156.8584,
30,round.3.load,0,
30,round.3.load_balancing_time,0.0462299995,
30,round.3.advection_time,0.00801699981,
30,round.3.communication_time,352.223724,
30,round.3.time,352.282196,
30,round.4.load,0,
30,round.4.load_balancing_time,0.0439400002,
30,round.4.advection_time,0.00260600005,
30,round.4.communication_time,114.965286,
30,round.4.time,115.01355,
30,round.5.load,0,
30,round.5.load_balancing_time,0.034878999,
30,round.5.advection_time,0.001559,
30,round.5.communication_time,0.127210006,
30,round.5.time,0.165182993,
30,total_time,76126.4219,
31,round.0.load,253952,
31,round.0.load_balancing_time,2.62836409,
31,round.0.advection_time,14768.7949,
31,round.0.communication_time,16968.9551,
31,round.0.time,31740.4023,
31,round.1.load,62272,
31,round.1.load_balancing_time,10.0328636,
31,round.1.advection_time,2425.27539,
31,round.1.communication_time,30326.3613,
31,round.1.time,32761.6816,
31,round.2.load,0,
31,round.2.load_balancing_time,0.0626029968,
31,round.2.advection_time,0.0117830001,
31,round.2.communication_time,11156.7715,
31,round.2.time,11156.8486,
31,round.3.load,0,
31,round.3.load_balancing_time,0.113516003,
31,round.3.advection_time,0.00167499995,
31,round.3.communication_time,352.168121,
31,round.3.time,352.286377,
31,round.4.load,0,
31,round.4.load_balancing_time,0.0321709998,
31,round.4.advection_time,0.00165300001,
31,round.4.communication_time,114.978317,
31,round.4.time,115.014046,
31,round.5.load,0,
31,round.5.load_balancing_time,0.0297519993,
31,round.5.advection_time,0.00114399998,
31,round.5.communication_time,0.132998005,
31,round.5.time,0.16539,
31,total_time,76126.4297,
32,round.0.load,258048,
32,round.0.load_balancing_time,2.84145689,
32,round.0.advection_time,12340.5977,
32,round.0.communication_time,19396.9316,
32,round.0.time,31740.4023,
32,round.1.load,45981,
32,round.1.load_balancing_time,11.1799631,
32,round.1.advection_time,3216.99634,
32,round.1.communication_time,29533.4766,
32,round.1.time,32761.666,
32,round.2.load,24744,
32,round.2.load_balancing_time,3.53108001,
32,round.2.advection_time,1672.99097,
32,round.2.communication_time,9480.31445,
32,round.2.time,11156.8477,
32,round.3.load,2323,
32,round.3.load_balancing_time,0.382748008,
32,round.3.advection_time,203.711929,
32,round.3.communication_time,148.199661,
32,round.3.time,352.303894,
32,round.4.load,255,
32,round.4.load_balancing_time,0.159452006,
32,round.4.advection_time,6.70311594,
32,round.4.communication_time,108.150208,
32,round.4.time,115.01722,
32,round.5.load,0,
32,round.5.load_balancing_time,0.0338770002,
32,round.5.advection_time,0.00478200009,
32,round.5.communication_time,0.117927,
32,round.5.time,0.158503994,
32,total_time,76126.4219,
33,round.0.load,258048,
33,round.0.load_balancing_time,3.01000404,
33,round.0.advection_time,11682.3232,
33,round.0.communication_time,20055.0371,
33,round.0.time,31740.3926,
33,round.1.load,126511,
33,round.1.load_balancing_time,12.5704346,
33,round.1.advection_time,10299.8721,
33,round.1.communication_time,22449.2324,
33,round.1.time,32761.6855,
33,round.2.load,6957,
33,round.2.load_balancing_time,1.59906495,
33,round.2.advection_time,479.003876,
33,round.2.communication_time,10676.2109,
33,round.2.time,11156.8223,
33,round.3.load,2898,
33,round.3.load_balancing_time,0.458050996,
33,round.3.advection_time,226.76474,
33,round.3.communication_time,125.069382,
33,round.3.time,352.301697,
33,round.4.load,0,
33,round.4.load_balancing_time,0.0472939983,
33,round.4.advection_time,0.0110560004,
33,round.4.communication_time,114.950218,
33,round.4.time,115.011078,
33,round.5.load,0,
33,round.5.load_balancing_time,0.049403999,
33,round.5.advection_time,0.00177600002,
33,round.5.communication_time,0.112971,
33,round.5.time,0.165747002,
33,total_time,76126.4141,
34,round.0.load,256684,
34,round.0.load_balancing_time,2.82298803,
34,round.0.advection_time,12297.4424,
34,round.0.communication_time,19440.0918,
34,round.0.time,31740.3965,
34,round.1.load,39377,
34,round.1.load_balancing_time,24.5056038,
34,round.1.advection_time,2270.52563,
34,round.1.communication_time,30466.623,
34,round.1.time,32761.6699,
34,round.2.load,13721,
34,round.2.load_balancing_time,2.33540511,
34,round.2.advection_time,1033.7644,
34,round.2.communication_time,10120.751,
34,round.2.time,11156.8672,
34,round.3.load,26,
34,round.3.load_balancing_time,0.136524007,
34,round.3.advection_time,0.699679017,
34,round.3.communication_time,351.427612,
34,round.3.time,352.267883,
34,round.4.load,0,
34,round.4.load_balancing_time,0.0499069989,
34,round.4.advection_time,0.00337100006,
34,round.4.communication_time,114.958473,
34,round.4.time,115.013641,
34,round.5.load,0,
34,round.5.load_balancing_time,0.0385989994,
34,round.5.advection_time,0.00168500002,
34,round.5.communication_time,0.123792998,
34,round.5.time,0.165664002,
34,total_time,76126.4141,
35,round.0.load,252714,
35,round.0.load_balancing_time,2.69273806,
35,round.0.advection_time,12780.8242,
35,round.0.communication_time,18956.8535,
35,round.0.time,31740.3965,
35,round.1.load,21641,
35,round.1.load_balancing_time,4.28955221,
35,round.1.advection_time,1251.97913,
35,round.1.communication_time,31505.4004,
35,round.1.time,32761.6816,
35,round.2.load,0,
35,round.2.load_balancing_time,0.115488,
35,round.2.advection_time,0.00466899993,
35,round.2.communication_time,11156.7461,
35,round.2.time,11156.8877,
35,round.3.load,0,
35,round.3.load_balancing_time,0.101616003,
35,round.3.advection_time,0.00822400022,
35,round.3.communication_time,352.116699,
35,round.3.time,352.239777,
35,round.4.load,0,
35,round.4.load_balancing_time,0.0310919993,
35,round.4.advection_time,0.00239900011,
35,round.4.communication_time,114.978485,
35,round.4.time,115.013763,
35,round.5.load,0,
35,round.5.load_balancing_time,0.0294160005,
35,round.5.advection_time,0.00128299999,
35,round.5.communication_time,0.13335,
35,round.5.time,0.165527999,
35,total_time,76126.4141,
36,round.0.load,258048,
36,round.0.load_balancing_time,3.00575209,
36,round.0.advection_time,13599.4746,
36,round.0.communication_time,18137.9023,
36,round.0.time,31740.4043,
36,round.1.load,83479,
36,round.1.load_balancing_time,8.86091518,
36,round.1.advection_time,7904.59863,
36,round.1.communication_time,24848.1895,
36,round.1.time,32761.6602,
36,round.2.load,16990,
36,round.2.load_balancing_time,5.0260148,
36,round.2.advection_time,1234.40942,
36,round.2.communication_time,9917.4043,
36,round.2.time,11156.8496,
36,round.3.load,1188,
36,round.3.load_balancing_time,0.726301014,
36,round.3.advection_time,129.099655,
36,round.3.communication_time,222.467789,
36,round.3.time,352.304047,
36,round.4.load,63,
36,round.4.load_balancing_time,0.123166002,
36,round.4.advection_time,2.08922696,
36,round.4.communication_time,112.795769,
36,round.4.time,115.011147,
36,round.5.load,1,
36,round.5.load_balancing_time,0.0439490005,
36,round.5.advection_time,0.00628399989,
36,round.5.communication_time,0.112337001,
36,round.5.time,0.164391994,
36,total_time,76126.4297,
37,round.0.load,258048,
37,round.0.load_balancing_time,3.12721801,
37,round.0.advection_time,24682.1875,
37,round.0.communication_time,7055.05225,
37,round.0.time,31740.3887,
37,round.1.load,56393,
37,round.1.load_balancing_time,23.5320282,
37,round.1.advection_time,4125.03027,
37,round.1.communication_time,28613.1328,
37,round.1.time,32761.7637,
37,round.2.load,10878,
37,round.2.load_balancing_time,7.06584311,
37,round.2.advection_time,1048.92578,
37,round.2.communication_time,10100.7432,
37,round.2.time,11156.7432,
37,round.3.load,2266,
37,round.3.load_balancing_time,0.344909996,
37,round.3.advection_time,92.1656265,
37,round.3.communication_time,259.782745,
37,round.3.time,352.301147,
37,round.4.load,3390,
37,round.4.load_balancing_time,1.95050299,
37,round.4.advection_time,111.511223,
37,round.4.communication_time,1.54469001,
37,round.4.time,115.013077,
37,round.5.load,0,
37,round.5.load_balancing_time,0.0461609997,
37,round.5.advection_time,0.00732799992,
37,round.5.communication_time,0.105054997,
37,round.5.time,0.161096007,
37,total_time,76126.4219,
38,round.0.load,256684,
38,round.0.load_balancing_time,2.99985099,
38,round.0.advection_time,25957.666,
38,round.0.communication_time,5779.71777,
38,round.0.time,31740.4062,
38,round.1.load,129373,
38,round.1.load_balancing_time,44.890461,
38,round.1.advection_time,7870.53955,
38,round.1.communication_time,24846.2051,
38,round.1.time,32761.6582,
38,round.2.load,26555,
38,round.2.load_balancing_time,7.23598623,
38,round.2.advection_time,1378.3197,
38,round.2.communication_time,9771.30273,
38,round.2.time,11156.8682,
38,round.3.load,1287,
38,round.3.load_balancing_time,0.705223024,
38,round.3.advection_time,47.8211288,
38,round.3.communication_time,303.753479,
38,round.3.time,352.286407,
38,round.4.load,0,
38,round.4.load_balancing_time,0.0469509996,
38,round.4.advection_time,0.00800099969,
38,round.4.communication_time,114.952942,
38,round.4.time,115.011627,
38,round.5.load,0,
38,round.5.load_balancing_time,0.046441,
38,round.5.advection_time,0.00225799996,
38,round.5.communication_time,0.115116999,
38,round.5.time,0.1655,
38,total_time,76126.4297,
39,round.0.load,252714,
39,round.0.load_balancing_time,2.84099603,
39,round.0.advection_time,12671.7461,
39,round.0.communication_time,19065.7871,
39,round.0.time,31740.3984,
39,round.1.load,26392,
39,round.1.load_balancing_time,4.8931098,
39,round.1.advection_time,1616.67139,
39,round.1.communication_time,31140.1094,
39,round.1.time,32761.6895,
39,round.2.load,3,
39,round.2.load_balancing_time,0.15253,
39,round.2.advection_time,1.21534598,
39,round.2.communication_time,11155.4668,
39,round.2.time,11156.8447,
39,round.3.load,0,
39,round.3.load_balancing_time,0.138338998,
39,round.3.advection_time,0.00373900007,
39,round.3.communication_time,352.126251,
39,round.3.time,352.275421,
39,round.4.load,0,
39,round.4.load_balancing_time,0.0444089994,
39,round.4.advection_time,0.00219099992,
39,round.4.communication_time,114.965744,
39,round.4.time,115.013954,
39,round.5.load,0,
39,round.5.load_balancing_time,0.0337370001,
39,round.5.advection_time,0.00129299995,
39,round.5.communication_time,0.129115999,
39,round.5.time,0.165676996,
39,total_time,76126.4219,
40,round.0.load,256684,
40,round.0.load_balancing_time,2.9602499,
40,round.0.advection_time,14952.5244,
40,round.0.communication_time,16784.8945,
40,round.0.time,31740.4082,
40,round.1.load,102169,
40,round.1.load_balancing_time,7.73703098,
40,round.1.advection_time,7999.89648,
40,round.1.communication_time,24754.0078,
40,round.1.time,32761.6504,
40,round.2.load,3906,
40,round.2.load_balancing_time,4.75261497,
40,round.2.advection_time,258.587555,
40,round.2.communication_time,10893.5039,
40,round.2.time,11156.8535,
40,round.3.load,1179,
40,round.3.load_balancing_time,0.345899999,
40,round.3.advection_time,35.4105339,
40,round.3.communication_time,316.537079,
40,round.3.time,352.300659,
40,round.4.load,21,
40,round.4.load_balancing_time,0.0733129978,
40,round.4.advection_time,1.59549403,
40,round.4.communication_time,113.340172,
40,round.4.time,115.011688,
40,round.5.load,0,
40,round.5.load_balancing_time,0.0360659994,
40,round.5.advection_time,0.00243099988,
40,round.5.communication_time,0.125071004,
40,round.5.time,0.165276006,
40,total_time,76126.4297,
41,round.0.load,256684,
41,round.0.load_balancing_time,2.99682307,
41,round.0.advection_time,31693.8008,
41,round.0.communication_time,43.5783615,
41,round.0.time,31740.3984,
41,round.1.load,74173,
41,round.1.load_balancing_time,44.0710144,
41,round.1.advection_time,4605.08887,
41,round.1.communication_time,28112.502,
41,round.1.time,32761.6816,
41,round.2.load,22066,
41,round.2.load_balancing_time,4.94342613,
41,round.2.advection_time,1001.55463,
41,round.2.communication_time,10150.3164,
41,round.2.time,11156.8223,
41,round.3.load,5882,
41,round.3.load_balancing_time,3.187356,
41,round.3.advection_time,142.688766,
41,round.3.communication_time,206.41951,
41,round.3.time,352.304962,
41,round.4.load,0,
41,round.4.load_balancing_time,0.0502099991,
41,round.4.advection_time,0.0101279998,
41,round.4.communication_time,114.947296,
41,round.4.time,115.009903,
41,round.5.load,0,
41,round.5.load_balancing_time,0.0473419987,
41,round.5.advection_time,0.00233999989,
41,round.5.communication_time,0.114304997,
41,round.5.time,0.165514007,
41,total_time,76126.4141,
42,round.0.load,256000,
42,round.0.load_balancing_time,2.974154,
42,round.0.advection_time,12446.54,
42,round.0.communication_time,19290.8535,
42,round.0.time,31740.3926,
42,round.1.load,214765,
42,round.1.load_balancing_time,45.0784531,
42,round.1.advection_time,24886.0117,
42,round.1.communication_time,7830.54297,
42,round.1.time,32761.6562,
42,round.2.load,60666,
42,round.2.load_balancing_time,18.5780964,
42,round.2.advection_time,9438.37695,
42,round.2.communication_time,1699.89209,
42,round.2.time,11156.8682,
42,round.3.load,0,
42,round.3.load_balancing_time,0.0640809983,
42,round.3.advection_time,0.0193409994,
42,round.3.communication_time,352.186798,
42,round.3.time,352.282043,
42,round.4.load,0,
42,round.4.load_balancing_time,0.0485169999,
42,round.4.advection_time,0.00324300001,
42,round.4.communication_time,114.960579,
42,round.4.time,115.014076,
42,round.5.load,0,
42,round.5.load_balancing_time,0.0420779996,
42,round.5.advection_time,0.00215699989,
42,round.5.communication_time,0.119553,
42,round.5.time,0.165325999,
42,total_time,76126.4141,
43,round.0.load,250710,
43,round.0.load_balancing_time,3.01852012,
43,round.0.advection_time,12492.0127,
43,round.0.communication_time,19245.3418,
43,round.0.time,31740.4004,
43,round.1.load,32115,
43,round.1.load_balancing_time,10.5081339,
43,round.1.advection_time,1277.58093,
43,round.1.communication_time,31473.582,
43,round.1.time,32761.6855,
43,round.2.load,0,
43,round.2.load_balancing_time,0.0653309971,
43,round.2.advection_time,0.0528139994,
43,round.2.communication_time,11156.7256,
43,round.2.time,11156.8467,
43,round.3.load,0,
43,round.3.load_balancing_time,0.137042001,
43,round.3.advection_time,0.00191400002,
43,round.3.communication_time,352.140289,
43,round.3.time,352.282471,
43,round.4.load,0,
43,round.4.load_balancing_time,0.0375889987,
43,round.4.advection_time,0.00197299989,
43,round.4.communication_time,114.972946,
43,round.4.time,115.014091,
43,round.5.load,0,
43,round.5.load_balancing_time,0.0334820002,
43,round.5.advection_time,0.00132499996,
43,round.5.communication_time,0.130545005,
43,round.5.time,0.166787997,
43,total_time,76126.4219,
44,round.0.load,252714,
44,round.0.load_balancing_time,3.11494589,
44,round.0.advection_time,12130.2158,
44,round.0.communication_time,19607.0469,
44,round.0.time,31740.4023,
44,round.1.load,28801,
44,round.1.load_balancing_time,5.14237595,
44,round.1.advection_time,2365.03711,
44,round.1.communication_time,30391.4746,
44,round.1.time,32761.666,
44,round.2.load,3517,
44,round.2.load_balancing_time,0.853289008,
44,round.2.advection_time,202.348007,
44,round.2.communication_time,10953.6484,
44,round.2.time,11156.8721,
44,round.3.load,3,
44,round.3.load_balancing_time,0.0911120027,
44,round.3.advection_time,0.371912003,
44,round.3.communication_time,351.803619,
44,round.3.time,352.27301,
44,round.4.load,0,
44,round.4.load_balancing_time,0.0342109986,
44,round.4.advection_time,0.00309200003,
44,round.4.communication_time,114.974319,
44,round.4.time,115.013504,
44,round.5.load,0,
44,round.5.load_balancing_time,0.0338600017,
44,round.5.advection_time,0.00128800003,
44,round.5.communication_time,0.128354996,
44,round.5.time,0.165163994,
44,total_time,76126.4297,
45,round.0.load,252714,
45,round.0.load_balancing_time,3.11248708,
45,round.0.advection_time,12140.8721,
45,round.0.communication_time,19596.3906,
45,round.0.time,31740.3984,
45,round.1.load,45910,
45,round.1.load_balancing_time,5.8290329,
45,round.1.advection_time,3294.43384,
45,round.1.communication_time,29461.4062,
45,round.1.time,32761.6836,
45,round.2.load,23,
45,round.2.load_balancing_time,0.185328007,
45,round.2.advection_time,1.68485606,
45,round.2.communication_time,11154.9521,
45,round.2.time,11156.8271,
45,round.3.load,0,
45,round.3.load_balancing_time,0.110510997,
45,round.3.advection_time,0.00312800007,
45,round.3.communication_time,352.18457,
45,round.3.time,352.302185,
45,round.4.load,0,
45,round.4.load_balancing_time,0.0483339988,
45,round.4.advection_time,0.00218300009,
45,round.4.communication_time,114.962128,
45,round.4.time,115.014435,
45,round.5.load,0,
45,round.5.load_balancing_time,0.0368819982,
45,round.5.advection_time,0.00167599996,
45,round.5.communication_time,0.124330997,
45,round.5.time,0.164511994,
45,total_time,76126.4219,
46,round.0.load,250710,
46,round.0.load_balancing_time,3.01717091,
46,round.0.advection_time,12410.4502,
46,round.0.communication_time,19326.918,
46,round.0.time,31740.4062,
46,round.1.load,31745,
46,round.1.load_balancing_time,10.002552,
46,round.1.advection_time,1384.09802,
46,round.1.communication_time,31367.5547,
46,round.1.time,32761.666,
46,round.2.load,0,
46,round.2.load_balancing_time,0.0794269964,
46,round.2.advection_time,0.0755160004,
46,round.2.communication_time,11156.7051,
46,round.2.time,11156.8623,
46,round.3.load,0,
46,round.3.load_balancing_time,0.117959,
46,round.3.advection_time,0.0019739999,
46,round.3.communication_time,352.164642,
46,round.3.time,352.28775,
46,round.4.load,0,
46,round.4.load_balancing_time,0.0370839983,
46,round.4.advection_time,0.00338299992,
46,round.4.communication_time,114.971779,
46,round.4.time,115.013863,
46,round.5.load,0,
46,round.5.load_balancing_time,0.0344620012,
46,round.5.advection_time,0.00166800001,
46,round.5.communication_time,0.127616003,
46,round.5.time,0.165316999,
46,total_time,76126.4297,
47,round.0.load,247462,
47,round.0.load_balancing_time,3.04100895,
47,round.0.advection_time,12899.0068,
47,round.0.communication_time,18838.3301,
47,round.0.time,31740.4004,
47,round.1.load,0,
47,round.1.load_balancing_time,0.0408019982,
47,round.1.advection_time,0.0118580004,
47,round.1.communication_time,32761.627,
47,round.1.time,32761.6895,
47,round.2.load,0,
47,round.2.load_balancing_time,0.0515410006,
47,round.2.advection_time,0.00957399979,
47,round.2.communication_time,11156.7676,
47,round.2.time,11156.8438,
47,round.3.load,0,
47,round.3.load_balancing_time,0.105258003,
47,round.3.advection_time,0.00327099999,
47,round.3.communication_time,352.157166,
47,round.3.time,352.272614,
47,round.4.load,0,
47,round.4.load_balancing_time,0.0306340009,
47,round.4.advection_time,0.00323099992,
47,round.4.communication_time,114.977905,
47,round.4.time,115.013565,
47,round.5.load,0,
47,round.5.load_balancing_time,0.0282979999,
47,round.5.advection_time,0.001254,
47,round.5.communication_time,0.134270996,
47,round.5.time,0.165306002,
47,total_time,76126.4219,
48,round.0.load,258048,
48,round.0.load_balancing_time,2.64680099,
48,round.0.advection_time,13573.9512,
48,round.0.communication_time,18163.7812,
48,round.0.time,31740.4023,
48,round.1.load,85995,
48,round.1.load_balancing_time,5.14977598,
48,round.1.advection_time,4764.94189,
48,round.1.communication_time,27991.5586,
48,round.1.time,32761.6602,
48,round.2.load,18594,
48,round.2.load_balancing_time,3.07990193,
48,round.2.advection_time,1681.43506,
48,round.2.communication_time,9472.32227,
48,round.2.time,11156.8467,
48,round.3.load,1458,
48,round.3.load_balancing_time,0.354339004,
48,round.3.advection_time,62.9702797,
48,round.3.communication_time,288.972565,
48,round.3.time,352.304474,
48,round.4.load,0,
48,round.4.load_balancing_time,0.030483,
48,round.4.advection_time,0.00547900004,
48,round.4.communication_time,114.973282,
48,round.4.time,115.01107,
48,round.5.load,0,
48,round.5.load_balancing_time,0.0326879993,
48,round.5.advection_time,0.00124200003,
48,round.5.communication_time,0.129734993,
48,round.5.time,0.165241003,
48,total_time,76126.4219,
49,round.0.load,258048,
49,round.0.load_balancing_time,3.11974812,
49,round.0.advection_time,16479.5781,
49,round.0.communication_time,15257.6611,
49,round.0.time,31740.3828,
49,round.1.load,62773,
49,round.1.load_balancing_time,10.3992376,
49,round.1.advection_time,5450.46729,
49,round.1.communication_time,27300.8203,
49,round.1.time,32761.7441,
49,round.2.load,22189,
49,round.2.load_balancing_time,3.73187208,
49,round.2.advection_time,1608.82507,
49,round.2.communication_time,9544.20117,
49,round.2.time,11156.7695,
49,round.3.load,601,
49,round.3.load_balancing_time,0.142602995,
49,round.3.advection_time,40.5705605,
49,round.3.communication_time,311.559753,
49,round.3.time,352.281982,
49,round.4.load,0,
49,round.4.load_balancing_time,0.0340990014,
49,round.4.advection_time,0.00606400007,
49,round.4.communication_time,114.96875,
49,round.4.time,115.011009,
49,round.5.load,0,
49,round.5.load_balancing_time,0.0313009992,
49,round.5.advection_time,0.00154099998,
49,round.5.communication_time,0.130555004,
49,round.5.time,0.165014997,
49,total_time,76126.3906,
50,round.0.load,252714,
50,round.0.load_balancing_time,2.751122,
50,round.0.advection_time,14144.9756,
50,round.0.communication_time,17592.6582,
50,round.0.time,31740.4102,
50,round.1.load,35168,
50,round.1.load_balancing_time,4.00487518,
50,round.1.advection_time,3556.51074,
50,round.1.communication_time,29201.1523,
50,round.1.time,32761.6953,
50,round.2.load,1119,
50,round.2.load_balancing_time,0.453193009,
50,round.2.advection_time,163.193863,
50,round.2.communication_time,10993.168,
50,round.2.time,11156.8311,
50,round.3.load,0,
50,round.3.load_balancing_time,0.125604004,
50,round.3.advection_time,0.0225370005,
50,round.3.communication_time,352.119019,
50,round.3.time,352.273163,
50,round.4.load,0,
50,round.4.load_balancing_time,0.0307180006,
50,round.4.advection_time,0.00247099996,
50,round.4.communication_time,114.975632,
50,round.4.time,115.010735,
50,round.5.load,0,
50,round.5.load_balancing_time,0.0294049997,
50,round.5.advection_time,0.00139999995,
50,round.5.communication_time,0.133001998,
50,round.5.time,0.165384993,
50,total_time,76126.4297,
51,round.0.load,253952,
51,round.0.load_balancing_time,2.90583801,
51,round.0.advection_time,15785.3428,
51,round.0.communication_time,15952.1318,
51,round.0.time,31740.4043,
51,round.1.load,27619,
51,round.1.load_balancing_time,4.10771322,
51,round.1.advection_time,1788.76111,
51,round.1.communication_time,30968.8047,
51,round.1.time,32761.6855,
51,round.2.load,0,
51,round.2.load_balancing_time,0.136517003,
51,round.2.advection_time,0.0058579999,
51,round.2.communication_time,11156.7227,
51,round.2.time,11156.8838,
51,round.3.load,0,
51,round.3.load_balancing_time,0.103152998,
51,round.3.advection_time,0.0049399999,
51,round.3.communication_time,352.120728,
51,round.3.time,352.237793,
51,round.4.load,0,
51,round.4.load_balancing_time,0.0279300008,
51,round.4.advection_time,0.00313499989,
51,round.4.communication_time,114.980659,
51,round.4.time,115.013443,
51,round.5.load,0,
51,round.5.load_balancing_time,0.0251749996,
51,round.5.advection_time,0.00108399999,
51,round.5.communication_time,0.137713999,
51,round.5.time,0.165429994,
51,total_time,76126.4219,
52,round.0.load,258048,
52,round.0.load_balancing_time,2.2095871,
52,round.0.advection_time,12589.2998,
52,round.0.communication_time,19148.873,
52,round.0.time,31740.4043,
52,round.1.load,70786,
52,round.1.load_balancing_time,9.52720833,
52,round.1.advection_time,7136.31348,
52,round.1.communication_time,25615.8047,
52,round.1.time,32761.666,
52,round.2.load,12175,
52,round.2.load_balancing_time,2.7801621,
52,round.2.advection_time,1082.03369,
52,round.2.communication_time,10072.0244,
52,round.2.time,11156.8467,
52,round.3.load,1221,
52,round.3.load_balancing_time,0.423023999,
52,round.3.advection_time,69.4620438,
52,round.3.communication_time,282.408722,
52,round.3.time,352.303741,
52,round.4.load,21,
52,round.4.load_balancing_time,0.0785290003,
52,round.4.advection_time,1.65317798,
52,round.4.communication_time,113.276527,
52,round.4.time,115.010765,
52,round.5.load,0,
52,round.5.load_balancing_time,0.0332299992,
52,round.5.advection_time,0.00217600004,
52,round.5.communication_time,0.127408996,
52,round.5.time,0.164499,
52,total_time,76126.4297,
53,round.0.load,258048,
53,round.0.load_balancing_time,3.26508498,
53,round.0.advection_time,11389.6172,
53,round.0.communication_time,20347.4902,
53,round.0.time,31740.3965,
53,round.1.load,68328,
53,round.1.load_balancing_time,10.4972544,
53,round.1.advection_time,3827.14111,
53,round.1.communication_time,28924.0625,
53,round.1.time,32761.7578,
53,round.2.load,12880,
53,round.2.load_balancing_time,1.95473802,
53,round.2.advection_time,1365.27454,
53,round.2.communication_time,9789.51465,
53,round.2.time,11156.7549,
53,round.3.load,208,
53,round.3.load_balancing_time,0.132911995,
53,round.3.advection_time,15.3180952,
53,round.3.communication_time,336.842865,
53,round.3.time,352.299316,
53,round.4.load,0,
53,round.4.load_balancing_time,0.0402520001,
53,round.4.advection_time,0.00427199993,
53,round.4.communication_time,114.965759,
53,round.4.time,115.012367,
53,round.5.load,0,
53,round.5.load_balancing_time,0.041184999,
53,round.5.advection_time,0.00154600001,
53,round.5.communication_time,0.119607002,
53,round.5.time,0.164003998,
53,total_time,76126.4141,
54,round.0.load,252714,
54,round.0.load_balancing_time,3.04015088,
54,round.0.advection_time,11157.2373,
54,round.0.communication_time,20580.1055,
54,round.0.time,31740.4082,
54,round.1.load,57974,
54,round.1.load_balancing_time,5.79032803,
54,round.1.advection_time,3987.36426,
54,round.1.communication_time,28768.4961,
54,round.1.time,32761.6699,
54,round.2.load,586,
54,round.2.load_balancing_time,0.462159008,
54,round.2.advection_time,33.7761612,
54,round.2.communication_time,11122.6133,
54,round.2.time,11156.8672,
54,round.3.load,0,
54,round.3.load_balancing_time,0.117206998,
54,round.3.advection_time,0.0225259997,
54,round.3.communication_time,352.127258,
54,round.3.time,352.272125,
54,round.4.load,0,
54,round.4.load_balancing_time,0.041788999,
54,round.4.advection_time,0.00347899995,
54,round.4.communication_time,114.966415,
54,round.4.time,115.013275,
54,round.5.load,0,
54,round.5.load_balancing_time,0.0332860015,
54,round.5.advection_time,0.001407,
54,round.5.communication_time,0.128930002,
54,round.5.time,0.165130004,
54,total_time,76126.4297,
55,round.0.load,253952,
55,round.0.load_balancing_time,3.18956208,
55,round.0.advection_time,14188.6777,
55,round.0.communication_time,17548.5059,
55,round.0.time,31740.3965,
55,round.1.load,28618,
55,round.1.load_balancing_time,3.47614002,
55,round.1.advection_time,2094.59473,
55,round.1.communication_time,30663.5996,
55,round.1.time,32761.6895,
55,round.2.load,0,
55,round.2.load_balancing_time,0.143851995,
55,round.2.advection_time,0.0907550007,
55,round.2.communication_time,11156.6133,
55,round.2.time,11156.8672,
55,round.3.load,0,
55,round.3.load_balancing_time,0.105879001,
55,round.3.advection_time,0.00515400013,
55,round.3.communication_time,352.124268,
55,round.3.time,352.244415,
55,round.4.load,0,
55,round.4.load_balancing_time,0.0339230001,
55,round.4.advection_time,0.00174600002,
55,round.4.communication_time,114.975967,
55,round.4.time,115.013374,
55,round.5.load,0,
55,round.5.load_balancing_time,0.0292540006,
55,round.5.advection_time,0.00122500001,
55,round.5.communication_time,0.133357003,
55,round.5.time,0.165317997,
55,total_time,76126.4141,
56,round.0.load,252714,
56,round.0.load_balancing_time,3.33401799,
56,round.0.advection_time,12336.0254,
56,round.0.communication_time,19401.0254,
56,round.0.time,31740.4082,
56,round.1.load,58269,
56,round.1.load_balancing_time,7.64336109,
56,round.1.advection_time,6008.53369,
56,round.1.communication_time,26745.4766,
56,round.1.time,32761.6641,
56,round.2.load,5118,
56,round.2.load_balancing_time,1.30028105,
56,round.2.advection_time,632.45813,
56,round.2.communication_time,10523.084,
56,round.2.time,11156.8506,
56,round.3.load,116,
56,round.3.load_balancing_time,0.124725997,
56,round.3.advection_time,12.0780268,
56,round.3.communication_time,340.091461,
56,round.3.time,352.299896,
56,round.4.load,0,
56,round.4.load_balancing_time,0.0355149992,
56,round.4.advection_time,0.00454099989,
56,round.4.communication_time,114.971306,
56,round.4.time,115.013313,
56,round.5.load,0,
56,round.5.load_balancing_time,0.0313640013,
56,round.5.advection_time,0.00147100003,
56,round.5.communication_time,0.130719006,
56,round.5.time,0.165162995,
56,total_time,76126.4297,
57,round.0.load,252714,
57,round.0.load_balancing_time,3.33564806,
57,round.0.advection_time,14433.4785,
57,round.0.communication_time,17303.5586,
57,round.0.time,31740.4004,
57,round.1.load,42679,
57,round.1.load_balancing_time,5.74293804,
57,round.1.advection_time,3281.33667,
57,round.1.communication_time,29474.5977,
57,round.1.time,32761.6992,
57,round.2.load,5714,
57,round.2.load_balancing_time,1.29371798,
57,round.2.advection_time,722.442383,
57,round.2.communication_time,10433.0635,
57,round.2.time,11156.8174,
57,round.3.load,0,
57,round.3.load_balancing_time,0.0823979974,
57,round.3.advection_time,0.0604799986,
57,round.3.communication_time,352.131165,
57,round.3.time,352.289307,
57,round.4.load,0,
57,round.4.load_balancing_time,0.0380190015,
57,round.4.advection_time,0.00243999995,
57,round.4.communication_time,114.970825,
57,round.4.time,115.013107,
57,round.5.load,0,
57,round.5.load_balancing_time,0.0352809988,
57,round.5.advection_time,0.00153699995,
57,round.5.communication_time,0.126431003,
57,round.5.time,0.164875999,
57,total_time,76126.4219,
58,round.0.load,250710,
58,round.0.load_balancing_time,3.11775088,
58,round.0.advection_time,11013.5791,
58,round.0.communication_time,20723.6777,
58,round.0.time,31740.4023,
58,round.1.load,8402,
58,round.1.load_balancing_time,2.00934505,
58,round.1.advection_time,1014.29596,
58,round.1.communication_time,31745.3398,
58,round.1.time,32761.6582,
58,round.2.load,0,
58,round.2.load_balancing_time,0.177168995,
58,round.2.advection_time,0.0522690006,
58,round.2.communication_time,11156.6211,
58,round.2.time,11156.8682,
58,round.3.load,0,
58,round.3.load_balancing_time,0.101107001,
58,round.3.advection_time,0.00345299998,
58,round.3.communication_time,352.162201,
58,round.3.time,352.271057,
58,round.4.load,0,
58,round.4.load_balancing_time,0.0361439995,
58,round.4.advection_time,0.00196800008,
58,round.4.communication_time,114.974472,
58,round.4.time,115.014236,
58,round.5.load,0,
58,round.5.load_balancing_time,0.0340249985,
58,round.5.advection_time,0.001498,
58,round.5.communication_time,0.127865002,
58,round.5.time,0.164967,
58,total_time,76126.4141,
59,round.0.load,247462,
59,round.0.load_balancing_time,2.93013501,
59,round.0.advection_time,13373.9297,
59,round.0.communication_time,18363.5137,
59,round.0.time,31740.4023,
59,round.1.load,0,
59,round.1.load_balancing_time,0.0501060002,
59,round.1.advection_time,0.0163649991,
59,round.1.communication_time,32761.6094,
59,round.1.time,32761.6797,
59,round.2.load,0,
59,round.2.load_balancing_time,0.0681200027,
59,round.2.advection_time,0.00534000015,
59,round.2.communication_time,11156.7783,
59,round.2.time,11156.8574,
59,round.3.load,0,
59,round.3.load_balancing_time,0.123698004,
59,round.3.advection_time,0.00506300014,
59,round.3.communication_time,352.141113,
59,round.3.time,352.276367,
59,round.4.load,0,
59,round.4.load_balancing_time,0.0333499983,
59,round.4.advection_time,0.00179899996,
59,round.4.communication_time,114.977272,
59,round.4.time,115.014038,
59,round.5.load,0,
59,round.5.load_balancing_time,0.0294519998,
59,round.5.advection_time,0.00120299996,
59,round.5.communication_time,0.134333,
59,round.5.time,0.166429996,
59,total_time,76126.4297,
60,round.0.load,253952,
60,round.0.load_balancing_time,3.49233603,
60,round.0.advection_time,13419.9512,
60,round.0.communication_time,18316.9375,
60,round.0.time,31740.4062,
60,round.1.load,31022,
60,round.1.load_balancing_time,4.94994402,
60,round.1.advection_time,2211.58936,
60,round.1.communication_time,30545.1113,
60,round.1.time,32761.6641,
60,round.2.load,5120,
60,round.2.load_balancing_time,1.28412199,
60,round.2.advection_time,495.566406,
60,round.2.communication_time,10659.9941,
60,round.2.time,11156.873,
60,round.3.load,0,
60,round.3.load_balancing_time,0.0900610015,
60,round.3.advection_time,0.0377160013,
60,round.3.communication_time,352.139191,
60,round.3.time,352.274323,
60,round.4.load,0,
60,round.4.load_balancing_time,0.0274119992,
60,round.4.advection_time,0.00228299992,
60,round.4.communication_time,114.982498,
60,round.4.time,115.014145,
60,round.5.load,0,
60,round.5.load_balancing_time,0.0262310002,
60,round.5.advection_time,0.00116099999,
60,round.5.communication_time,0.135293007,
60,round.5.time,0.164272994,
60,total_time,76126.4297,
61,round.0.load,253952,
61,round.0.load_balancing_time,3.49612403,
61,round.0.advection_time,14061.3633,
61,round.0.communication_time,17675.5098,
61,round.0.time,31740.3965,
61,round.1.load,36205,
61,round.1.load_balancing_time,3.53722,
61,round.1.advection_time,2518.65479,
61,round.1.communication_time,30239.4746,
61,round.1.time,32761.6875,
61,round.2.load,0,
61,round.2.load_balancing_time,0.145630002,
61,round.2.advection_time,0.0390259996,
61,round.2.communication_time,11156.6318,
61,round.2.time,11156.8203,
61,round.3.load,0,
61,round.3.load_balancing_time,0.126691997,
61,round.3.advection_time,0.00208000001,
61,round.3.communication_time,352.169983,
61,round.3.time,352.304504,
61,round.4.load,0,
61,round.4.load_balancing_time,0.0342149995,
61,round.4.advection_time,0.00193499995,
61,round.4.communication_time,114.976097,
61,round.4.time,115.013931,
61,round.5.load,0,
61,round.5.load_balancing_time,0.0327459984,
61,round.5.advection_time,0.00127300003,
61,round.5.communication_time,0.128974006,
61,round.5.time,0.164527997,
61,total_time,76126.4219,
62,round.0.load,247462,
62,round.0.load_balancing_time,3.15146708,
62,round.0.advection_time,13923.8066,
62,round.0.communication_time,17813.4336,
62,round.0.time,31740.4141,
62,round.1.load,0,
62,round.1.load_balancing_time,0.0529289991,
62,round.1.advection_time,0.0515340008,
62,round.1.communication_time,32761.5469,
62,round.1.time,32761.6562,
62,round.2.load,0,
62,round.2.load_balancing_time,0.0950990021,
62,round.2.advection_time,0.00795000046,
62,round.2.communication_time,11156.7656,
62,round.2.time,11156.8789,
62,round.3.load,0,
62,round.3.load_balancing_time,0.103460997,
62,round.3.advection_time,0.00386300008,
62,round.3.communication_time,352.161407,
62,round.3.time,352.275726,
62,round.4.load,0,
62,round.4.load_balancing_time,0.0330649987,
62,round.4.advection_time,0.00191500003,
62,round.4.communication_time,114.977165,
62,round.4.time,115.013824,
62,round.5.load,0,
62,round.5.load_balancing_time,0.0306599997,
62,round.5.advection_time,0.00143599999,
62,round.5.communication_time,0.131413996,
62,round.5.time,0.164992005,
62,total_time,76126.4297,
63,round.0.load,249860,
63,round.0.load_balancing_time,2.99140096,
63,round.0.advection_time,13533.0293,
63,round.0.communication_time,18204.3496,
63,round.0.time,31740.3965,
63,round.1.load,0,
63,round.1.load_balancing_time,0.0507199988,
63,round.1.advection_time,0.014827,
63,round.1.communication_time,32761.6035,
63,round.1.time,32761.6797,
63,round.2.load,0,
63,round.2.load_balancing_time,0.0505530015,
63,round.2.advection_time,0.00910800043,
63,round.2.communication_time,11156.7871,
63,round.2.time,11156.8643,
63,round.3.load,0,
63,round.3.load_balancing_time,0.0817809999,
63,round.3.advection_time,0.00396399992,
63,round.3.communication_time,352.153076,
63,round.3.time,352.246582,
63,round.4.load,0,
63,round.4.load_balancing_time,0.0236939993,
63,round.4.advection_time,0.00302199996,
63,round.4.communication_time,114.985489,
63,round.4.time,115.01384,
63,round.5.load,0,
63,round.5.load_balancing_time,0.0248959996,
63,round.5.advection_time,0.00104700006,
63,round.5.communication_time,0.137813002,
63,round.5.time,0.165195003,
63,total_time,76126.3984,
